,Top1_Acc_Exp/eval_phase/train_stream/Exp000,Time_Exp/eval_phase/train_stream/Exp000,Loss_Exp/eval_phase/train_stream/Exp000,Top1_Acc_Stream/eval_phase/train_stream,Time_Stream/eval_phase/train_stream,Loss_Stream/eval_phase/train_stream,Top1_Acc_MB/train_phase/train_stream,Time_MB/train_phase/train_stream,Loss_MB/train_phase/train_stream,Top1_Acc_Epoch/train_phase/train_stream,Time_Epoch/train_phase/train_stream,Loss_Epoch/train_phase/train_stream,<eval.metrics.ProjectionOverheadMetric object at 0x7fd04445d780>/train_phase/train_stream/Exp000,Top1_Acc_Exp/eval_phase/test_stream/Exp000,Time_Exp/eval_phase/test_stream/Exp000,Loss_Exp/eval_phase/test_stream/Exp000,Top1_Acc_Stream/eval_phase/test_stream,Time_Stream/eval_phase/test_stream,Loss_Stream/eval_phase/test_stream,Top1_Acc_Exp/eval_phase/test_stream/Exp001,Time_Exp/eval_phase/test_stream/Exp001,Loss_Exp/eval_phase/test_stream/Exp001,Top1_Acc_Exp/eval_phase/test_stream/Exp002,Time_Exp/eval_phase/test_stream/Exp002,Loss_Exp/eval_phase/test_stream/Exp002,Top1_Acc_Exp/eval_phase/train_stream/Exp001,Time_Exp/eval_phase/train_stream/Exp001,Loss_Exp/eval_phase/train_stream/Exp001,<eval.metrics.ProjectionOverheadMetric object at 0x7fd04445d780>/train_phase/train_stream/Exp001,Top1_Acc_Exp/eval_phase/train_stream/Exp002,Time_Exp/eval_phase/train_stream/Exp002,Loss_Exp/eval_phase/train_stream/Exp002,<eval.metrics.ProjectionOverheadMetric object at 0x7fd04445d780>/train_phase/train_stream/Exp002
0,0.21323529411764705,0.47974854288622737,1.77933967814726,0.21323529411764705,0.4818587093614042,1.77933967814726,0.5,0.040632839780300856,1.208711862564087,0.3161764705882353,0.6324570118449628,2.1605719678542195,0.0,0.22857142857142856,0.11924507096409798,1.9937905073165894,0.22857142857142856,0.12143191788345575,1.9937905073165894,,,,,,,,,,,,,,
1,0.21323529411764705,0.47974854288622737,1.77933967814726,0.21323529411764705,0.4818587093614042,1.77933967814726,0.5,0.040632839780300856,1.208711862564087,0.3161764705882353,0.6324570118449628,2.1605719678542195,0.0,0.22857142857142856,0.11924507096409798,1.9937905073165894,0.3235294117647059,0.12034942023456097,1.4301599264144897,0.3235294117647059,0.11815110314637423,1.4301599264144897,,,,,,,,,,,
2,0.21323529411764705,0.47974854288622737,1.77933967814726,0.21323529411764705,0.4818587093614042,1.77933967814726,0.5,0.040632839780300856,1.208711862564087,0.3161764705882353,0.6324570118449628,2.1605719678542195,0.0,0.22857142857142856,0.11924507096409798,1.9937905073165894,0.3,0.07273446256294847,1.853428840637207,0.3235294117647059,0.11815110314637423,1.4301599264144897,0.3,0.07055719615891576,1.853428840637207,,,,,,,,
3,0.21323529411764705,0.47974854288622737,1.77933967814726,0.3333333333333333,0.46464231703430414,1.5235738483342258,0.25,0.055757816415280104,1.4659003019332886,0.3181818181818182,1.0607961141504347,1.6067646597370957,0.0,0.22857142857142856,0.12206420907750726,1.590036392211914,0.22857142857142856,0.12420743610709906,1.590036392211914,0.3235294117647059,0.11815110314637423,1.4301599264144897,0.3,0.07055719615891576,1.853428840637207,0.3333333333333333,0.4625843823887408,1.5235738483342258,0.0,,,,
4,0.21323529411764705,0.47974854288622737,1.77933967814726,0.3333333333333333,0.46464231703430414,1.5235738483342258,0.25,0.055757816415280104,1.4659003019332886,0.3181818181818182,1.0607961141504347,1.6067646597370957,0.0,0.22857142857142856,0.12206420907750726,1.590036392211914,0.2647058823529412,0.1210923339240253,1.7426292896270752,0.2647058823529412,0.1189333968795836,1.7426292896270752,0.3,0.07055719615891576,1.853428840637207,0.3333333333333333,0.4625843823887408,1.5235738483342258,0.0,,,,
5,0.21323529411764705,0.47974854288622737,1.77933967814726,0.3333333333333333,0.46464231703430414,1.5235738483342258,0.25,0.055757816415280104,1.4659003019332886,0.3181818181818182,1.0607961141504347,1.6067646597370957,0.0,0.22857142857142856,0.12206420907750726,1.590036392211914,0.05,0.07108662463724613,1.9591026306152344,0.2647058823529412,0.1189333968795836,1.7426292896270752,0.05,0.06889785779640079,1.9591026306152344,0.3333333333333333,0.4625843823887408,1.5235738483342258,0.0,,,,
6,0.21323529411764705,0.47974854288622737,1.77933967814726,0.2625,0.2801564196124673,1.5005160421133041,0.3125,0.15181068377569318,1.5779789686203003,0.225,0.8413432640954852,1.5798351287841796,0.0,0.2,0.12260095868259668,1.4948654174804688,0.2,0.12473422475159168,1.4948654174804688,0.2647058823529412,0.1189333968795836,1.7426292896270752,0.05,0.06889785779640079,1.9591026306152344,0.3333333333333333,0.4625843823887408,1.5235738483342258,0.0,0.2625,0.2780706537887454,1.5005160421133041,0.0
7,0.21323529411764705,0.47974854288622737,1.77933967814726,0.2625,0.2801564196124673,1.5005160421133041,0.3125,0.15181068377569318,1.5779789686203003,0.225,0.8413432640954852,1.5798351287841796,0.0,0.2,0.12260095868259668,1.4948654174804688,0.35294117647058826,0.1221855110488832,1.4900306463241577,0.35294117647058826,0.12002722499892116,1.4900306463241577,0.05,0.06889785779640079,1.9591026306152344,0.3333333333333333,0.4625843823887408,1.5235738483342258,0.0,0.2625,0.2780706537887454,1.5005160421133041,0.0
8,0.21323529411764705,0.47974854288622737,1.77933967814726,0.2625,0.2801564196124673,1.5005160421133041,0.3125,0.15181068377569318,1.5779789686203003,0.225,0.8413432640954852,1.5798351287841796,0.0,0.2,0.12260095868259668,1.4948654174804688,0.35,0.071733005810529,1.2475064992904663,0.35294117647058826,0.12002722499892116,1.4900306463241577,0.35,0.06955944001674652,1.2475064992904663,0.3333333333333333,0.4625843823887408,1.5235738483342258,0.0,0.2625,0.2780706537887454,1.5005160421133041,0.0
