,Top1_Acc_Exp/eval_phase/train_stream/Exp000,Time_Exp/eval_phase/train_stream/Exp000,Loss_Exp/eval_phase/train_stream/Exp000,Top1_Acc_Stream/eval_phase/train_stream,Time_Stream/eval_phase/train_stream,Loss_Stream/eval_phase/train_stream,Top1_Acc_MB/train_phase/train_stream,Time_MB/train_phase/train_stream,Loss_MB/train_phase/train_stream,Top1_Acc_Epoch/train_phase/train_stream,Time_Epoch/train_phase/train_stream,Loss_Epoch/train_phase/train_stream,<eval.metrics.ProjectionOverheadMetric object at 0x7f5c18140f40>/train_phase/train_stream/Exp000,Top1_Acc_Exp/eval_phase/test_stream/Exp000,Time_Exp/eval_phase/test_stream/Exp000,Loss_Exp/eval_phase/test_stream/Exp000,Top1_Acc_Stream/eval_phase/test_stream,Time_Stream/eval_phase/test_stream,Loss_Stream/eval_phase/test_stream,Top1_Acc_Exp/eval_phase/test_stream/Exp001,Time_Exp/eval_phase/test_stream/Exp001,Loss_Exp/eval_phase/test_stream/Exp001,Top1_Acc_Exp/eval_phase/test_stream/Exp002,Time_Exp/eval_phase/test_stream/Exp002,Loss_Exp/eval_phase/test_stream/Exp002,Top1_Acc_Exp/eval_phase/train_stream/Exp001,Time_Exp/eval_phase/train_stream/Exp001,Loss_Exp/eval_phase/train_stream/Exp001,<eval.metrics.ProjectionOverheadMetric object at 0x7f5c18140f40>/train_phase/train_stream/Exp001,Top1_Acc_Exp/eval_phase/train_stream/Exp002,Time_Exp/eval_phase/train_stream/Exp002,Loss_Exp/eval_phase/train_stream/Exp002,<eval.metrics.ProjectionOverheadMetric object at 0x7f5c18140f40>/train_phase/train_stream/Exp002
0,0.2125,0.28158389823511243,1.6122646629810333,0.2125,0.28382387524470687,1.6122646629810333,0.3125,0.07082863198593259,2.3616414070129395,0.325,0.35570609383285046,2.273870658874512,0.0,0.25,0.0721136936917901,1.683629035949707,0.25,0.07433827081695199,1.683629035949707,,,,,,,,,,,,,,
1,0.2125,0.28158389823511243,1.6122646629810333,0.2125,0.28382387524470687,1.6122646629810333,0.3125,0.07082863198593259,2.3616414070129395,0.325,0.35570609383285046,2.273870658874512,0.0,0.25,0.0721136936917901,1.683629035949707,0.2962962962962963,0.10008734278380871,1.682241678237915,0.2962962962962963,0.09786686580628157,1.682241678237915,,,,,,,,,,,
2,0.2125,0.28158389823511243,1.6122646629810333,0.2125,0.28382387524470687,1.6122646629810333,0.3125,0.07082863198593259,2.3616414070129395,0.325,0.35570609383285046,2.273870658874512,0.0,0.25,0.0721136936917901,1.683629035949707,0.3548387096774194,0.11083484394475818,1.4520190954208374,0.2962962962962963,0.09786686580628157,1.682241678237915,0.3548387096774194,0.10860050702467561,1.4520190954208374,,,,,,,,
3,0.2125,0.28158389823511243,1.6122646629810333,0.35185185185185186,0.37000993406400084,1.6017909513579474,0.25,0.3830528538674116,1.6036291122436523,0.3333333333333333,4.963868683204055,1.8816653181005407,0.0,0.35,0.07033222308382392,1.8720375299453735,0.35,0.0729400971904397,1.8720375299453735,0.2962962962962963,0.09786686580628157,1.682241678237915,0.3548387096774194,0.10860050702467561,1.4520190954208374,0.35185185185185186,0.36776241613551974,1.6017909513579474,1.9793346850201488,,,,
4,0.2125,0.28158389823511243,1.6122646629810333,0.35185185185185186,0.37000993406400084,1.6017909513579474,0.25,0.3830528538674116,1.6036291122436523,0.3333333333333333,4.963868683204055,1.8816653181005407,0.0,0.35,0.07033222308382392,1.8720375299453735,0.25925925925925924,0.10247677424922585,1.90724778175354,0.25925925925925924,0.10025359690189362,1.90724778175354,0.3548387096774194,0.10860050702467561,1.4520190954208374,0.35185185185185186,0.36776241613551974,1.6017909513579474,1.9793346850201488,,,,
5,0.2125,0.28158389823511243,1.6122646629810333,0.35185185185185186,0.37000993406400084,1.6017909513579474,0.25,0.3830528538674116,1.6036291122436523,0.3333333333333333,4.963868683204055,1.8816653181005407,0.0,0.35,0.07033222308382392,1.8720375299453735,0.2903225806451613,0.1135275587439537,1.6230794191360474,0.25925925925925924,0.10025359690189362,1.90724778175354,0.2903225806451613,0.11124627105891705,1.6230794191360474,0.35185185185185186,0.36776241613551974,1.6017909513579474,1.9793346850201488,,,,
6,0.2125,0.28158389823511243,1.6122646629810333,0.3305785123966942,0.4103467697277665,1.5027373723747317,0.3333333333333333,2.1854536989703774,1.5730293989181519,0.2892561983471074,12.267499481793493,1.6072219649622264,0.0,0.2,0.06855064304545522,1.7742013931274414,0.2,0.0712271980009973,1.7742013931274414,0.25925925925925924,0.10025359690189362,1.90724778175354,0.2903225806451613,0.11124627105891705,1.6230794191360474,0.35185185185185186,0.36776241613551974,1.6017909513579474,1.9793346850201488,0.3305785123966942,0.40820177365094423,1.5027373723747317,4.975770405959338
7,0.2125,0.28158389823511243,1.6122646629810333,0.3305785123966942,0.4103467697277665,1.5027373723747317,0.3333333333333333,2.1854536989703774,1.5730293989181519,0.2892561983471074,12.267499481793493,1.6072219649622264,0.0,0.2,0.06855064304545522,1.7742013931274414,0.25925925925925924,0.09451684914529324,1.7289634943008423,0.25925925925925924,0.09228745102882385,1.7289634943008423,0.2903225806451613,0.11124627105891705,1.6230794191360474,0.35185185185185186,0.36776241613551974,1.6017909513579474,1.9793346850201488,0.3305785123966942,0.40820177365094423,1.5027373723747317,4.975770405959338
8,0.2125,0.28158389823511243,1.6122646629810333,0.3305785123966942,0.4103467697277665,1.5027373723747317,0.3333333333333333,2.1854536989703774,1.5730293989181519,0.2892561983471074,12.267499481793493,1.6072219649622264,0.0,0.2,0.06855064304545522,1.7742013931274414,0.3548387096774194,0.10727933421730995,1.4539233446121216,0.25925925925925924,0.09228745102882385,1.7289634943008423,0.3548387096774194,0.10505678597837687,1.4539233446121216,0.35185185185185186,0.36776241613551974,1.6017909513579474,1.9793346850201488,0.3305785123966942,0.40820177365094423,1.5027373723747317,4.975770405959338
