,Top1_Acc_Exp/eval_phase/train_stream/Exp000,Time_Exp/eval_phase/train_stream/Exp000,Loss_Exp/eval_phase/train_stream/Exp000,Top1_Acc_Stream/eval_phase/train_stream,Time_Stream/eval_phase/train_stream,Loss_Stream/eval_phase/train_stream,Top1_Acc_MB/train_phase/train_stream,Time_MB/train_phase/train_stream,Loss_MB/train_phase/train_stream,Top1_Acc_Epoch/train_phase/train_stream,Time_Epoch/train_phase/train_stream,Loss_Epoch/train_phase/train_stream,<eval.metrics.ProjectionOverheadMetric object at 0x7f5c18143910>/train_phase/train_stream/Exp000,Top1_Acc_Exp/eval_phase/test_stream/Exp000,Time_Exp/eval_phase/test_stream/Exp000,Loss_Exp/eval_phase/test_stream/Exp000,Top1_Acc_Stream/eval_phase/test_stream,Time_Stream/eval_phase/test_stream,Loss_Stream/eval_phase/test_stream,Top1_Acc_Exp/eval_phase/test_stream/Exp001,Time_Exp/eval_phase/test_stream/Exp001,Loss_Exp/eval_phase/test_stream/Exp001,Top1_Acc_Exp/eval_phase/test_stream/Exp002,Time_Exp/eval_phase/test_stream/Exp002,Loss_Exp/eval_phase/test_stream/Exp002,Top1_Acc_Exp/eval_phase/train_stream/Exp001,Time_Exp/eval_phase/train_stream/Exp001,Loss_Exp/eval_phase/train_stream/Exp001,<eval.metrics.ProjectionOverheadMetric object at 0x7f5c18143910>/train_phase/train_stream/Exp001,Top1_Acc_Exp/eval_phase/train_stream/Exp002,Time_Exp/eval_phase/train_stream/Exp002,Loss_Exp/eval_phase/train_stream/Exp002,<eval.metrics.ProjectionOverheadMetric object at 0x7f5c18143910>/train_phase/train_stream/Exp002
0,0.2125,0.5408316380344331,2.032640963792801,0.2125,0.5430041053332388,2.032640963792801,0.25,0.14226016588509083,2.448822498321533,0.275,0.7289419719018042,2.8956058502197264,0.0,0.2,0.13939874712377787,1.9217008352279663,0.2,0.14149734191596508,1.9217008352279663,,,,,,,,,,,,,,
1,0.2125,0.5408316380344331,2.032640963792801,0.2125,0.5430041053332388,2.032640963792801,0.25,0.14226016588509083,2.448822498321533,0.275,0.7289419719018042,2.8956058502197264,0.0,0.2,0.13939874712377787,1.9217008352279663,0.25925925925925924,0.18780342815443873,2.0161473751068115,0.25925925925925924,0.18565089162439108,2.0161473751068115,,,,,,,,,,,
2,0.2125,0.5408316380344331,2.032640963792801,0.2125,0.5430041053332388,2.032640963792801,0.25,0.14226016588509083,2.448822498321533,0.275,0.7289419719018042,2.8956058502197264,0.0,0.2,0.13939874712377787,1.9217008352279663,0.3548387096774194,0.21119836065918207,1.722636342048645,0.25925925925925924,0.18565089162439108,2.0161473751068115,0.3548387096774194,0.20898300409317017,1.722636342048645,,,,,,,,
3,0.2125,0.5408316380344331,2.032640963792801,0.35185185185185186,0.7210357477888465,1.6465920408566792,0.25,0.11947986297309399,1.6761940717697144,0.25,5.485265432856977,1.8398352596494887,0.0,0.35,0.1355356122367084,1.7987706661224365,0.35,0.1381137860007584,1.7987706661224365,0.25925925925925924,0.18565089162439108,2.0161473751068115,0.3548387096774194,0.20898300409317017,1.722636342048645,0.35185185185185186,0.7189545831643045,1.6465920408566792,0.010955973993986845,,,,
4,0.2125,0.5408316380344331,2.032640963792801,0.35185185185185186,0.7210357477888465,1.6465920408566792,0.25,0.11947986297309399,1.6761940717697144,0.25,5.485265432856977,1.8398352596494887,0.0,0.35,0.1355356122367084,1.7987706661224365,0.25925925925925924,0.18546609906479716,1.9587334394454956,0.25925925925925924,0.1833076630719006,1.9587334394454956,0.3548387096774194,0.20898300409317017,1.722636342048645,0.35185185185185186,0.7189545831643045,1.6465920408566792,0.010955973993986845,,,,
5,0.2125,0.5408316380344331,2.032640963792801,0.35185185185185186,0.7210357477888465,1.6465920408566792,0.25,0.11947986297309399,1.6761940717697144,0.25,5.485265432856977,1.8398352596494887,0.0,0.35,0.1355356122367084,1.7987706661224365,0.22580645161290322,0.2047734633088112,1.6986961364746094,0.25925925925925924,0.1833076630719006,1.9587334394454956,0.22580645161290322,0.2026294469833374,1.6986961364746094,0.35185185185185186,0.7189545831643045,1.6465920408566792,0.010955973993986845,,,,
6,0.2125,0.5408316380344331,2.032640963792801,0.3305785123966942,0.8187388209626079,1.5215695830416087,0.4444444444444444,0.10193542810156941,1.282152533531189,0.34710743801652894,13.394136070273817,1.6706714107970562,0.0,0.2,0.13916819216683507,1.7260262966156006,0.2,0.14175596460700035,1.7260262966156006,0.25925925925925924,0.1833076630719006,1.9587334394454956,0.22580645161290322,0.2026294469833374,1.6986961364746094,0.35185185185185186,0.7189545831643045,1.6465920408566792,0.010955973993986845,0.3305785123966942,0.8166525359265506,1.5215695830416087,0.027338168118149042
7,0.2125,0.5408316380344331,2.032640963792801,0.3305785123966942,0.8187388209626079,1.5215695830416087,0.4444444444444444,0.10193542810156941,1.282152533531189,0.34710743801652894,13.394136070273817,1.6706714107970562,0.0,0.2,0.13916819216683507,1.7260262966156006,0.25925925925925924,0.18699331395328045,1.752341389656067,0.25925925925925924,0.18480190681293607,1.752341389656067,0.22580645161290322,0.2026294469833374,1.6986961364746094,0.35185185185185186,0.7189545831643045,1.6465920408566792,0.010955973993986845,0.3305785123966942,0.8166525359265506,1.5215695830416087,0.027338168118149042
8,0.2125,0.5408316380344331,2.032640963792801,0.3305785123966942,0.8187388209626079,1.5215695830416087,0.4444444444444444,0.10193542810156941,1.282152533531189,0.34710743801652894,13.394136070273817,1.6706714107970562,0.0,0.2,0.13916819216683507,1.7260262966156006,0.3548387096774194,0.19178241398185492,1.4638705253601074,0.25925925925925924,0.18480190681293607,1.752341389656067,0.3548387096774194,0.1895832372829318,1.4638705253601074,0.35185185185185186,0.7189545831643045,1.6465920408566792,0.010955973993986845,0.3305785123966942,0.8166525359265506,1.5215695830416087,0.027338168118149042
