,Top1_Acc_Exp/eval_phase/train_stream/Exp000,Time_Exp/eval_phase/train_stream/Exp000,Loss_Exp/eval_phase/train_stream/Exp000,Top1_Acc_Stream/eval_phase/train_stream,Time_Stream/eval_phase/train_stream,Loss_Stream/eval_phase/train_stream,Top1_Acc_MB/train_phase/train_stream,Time_MB/train_phase/train_stream,Loss_MB/train_phase/train_stream,Top1_Acc_Epoch/train_phase/train_stream,Time_Epoch/train_phase/train_stream,Loss_Epoch/train_phase/train_stream,<eval.metrics.ProjectionOverheadMetric object at 0x7fd8c6345c60>/train_phase/train_stream/Exp000,Top1_Acc_Exp/eval_phase/test_stream/Exp000,Time_Exp/eval_phase/test_stream/Exp000,Loss_Exp/eval_phase/test_stream/Exp000,Top1_Acc_Stream/eval_phase/test_stream,Time_Stream/eval_phase/test_stream,Loss_Stream/eval_phase/test_stream,Top1_Acc_Exp/eval_phase/test_stream/Exp001,Time_Exp/eval_phase/test_stream/Exp001,Loss_Exp/eval_phase/test_stream/Exp001,Top1_Acc_Exp/eval_phase/test_stream/Exp002,Time_Exp/eval_phase/test_stream/Exp002,Loss_Exp/eval_phase/test_stream/Exp002,Top1_Acc_Exp/eval_phase/train_stream/Exp001,Time_Exp/eval_phase/train_stream/Exp001,Loss_Exp/eval_phase/train_stream/Exp001,<eval.metrics.ProjectionOverheadMetric object at 0x7fd8c6345c60>/train_phase/train_stream/Exp001,Top1_Acc_Exp/eval_phase/train_stream/Exp002,Time_Exp/eval_phase/train_stream/Exp002,Loss_Exp/eval_phase/train_stream/Exp002,<eval.metrics.ProjectionOverheadMetric object at 0x7fd8c6345c60>/train_phase/train_stream/Exp002
0,0.3602941176470588,0.5401829699985683,1.3604973607203539,0.3602941176470588,0.5426898607984185,1.3604973607203539,0.25,0.08159226505085826,1.292381763458252,0.3161764705882353,1.3397010560147464,1.5789025811588062,0.0,0.2,0.14121280517429113,1.4437921047210693,0.2,0.143715085927397,1.4437921047210693,,,,,,,,,,,,,,
1,0.3602941176470588,0.5401829699985683,1.3604973607203539,0.3602941176470588,0.5426898607984185,1.3604973607203539,0.25,0.08159226505085826,1.292381763458252,0.3161764705882353,1.3397010560147464,1.5789025811588062,0.0,0.2,0.14121280517429113,1.4437921047210693,0.3235294117647059,0.14253659639507532,1.3986990451812744,0.3235294117647059,0.14000265439972281,1.3986990451812744,,,,,,,,,,,
2,0.3602941176470588,0.5401829699985683,1.3604973607203539,0.3602941176470588,0.5426898607984185,1.3604973607203539,0.25,0.08159226505085826,1.292381763458252,0.3161764705882353,1.3397010560147464,1.5789025811588062,0.0,0.2,0.14121280517429113,1.4437921047210693,0.35,0.08510828297585249,1.339611530303955,0.3235294117647059,0.14000265439972281,1.3986990451812744,0.35,0.08256329130381346,1.339611530303955,,,,,,,,
3,0.3602941176470588,0.5401829699985683,1.3604973607203539,0.3106060606060606,0.5239913519471884,1.3711176532687563,0.25,0.04765596194192767,1.6348004341125488,0.24242424242424243,1.30434990208596,1.4460874759789668,0.0,0.14285714285714285,0.1410193219780922,1.4028970003128052,0.14285714285714285,0.1435310342349112,1.4028970003128052,0.3235294117647059,0.14000265439972281,1.3986990451812744,0.35,0.08256329130381346,1.339611530303955,0.3106060606060606,0.5215338603593409,1.3711176532687563,0.0,,,,
4,0.3602941176470588,0.5401829699985683,1.3604973607203539,0.3106060606060606,0.5239913519471884,1.3711176532687563,0.25,0.04765596194192767,1.6348004341125488,0.24242424242424243,1.30434990208596,1.4460874759789668,0.0,0.14285714285714285,0.1410193219780922,1.4028970003128052,0.3235294117647059,0.30998148722574115,1.3683395385742188,0.3235294117647059,0.30744061479344964,1.3683395385742188,0.35,0.08256329130381346,1.339611530303955,0.3106060606060606,0.5215338603593409,1.3711176532687563,0.0,,,,
5,0.3602941176470588,0.5401829699985683,1.3604973607203539,0.3106060606060606,0.5239913519471884,1.3711176532687563,0.25,0.04765596194192767,1.6348004341125488,0.24242424242424243,1.30434990208596,1.4460874759789668,0.0,0.14285714285714285,0.1410193219780922,1.4028970003128052,0.2,0.1858986970037222,1.4082444906234741,0.3235294117647059,0.30744061479344964,1.3683395385742188,0.2,0.18337875604629517,1.4082444906234741,0.3106060606060606,0.5215338603593409,1.3711176532687563,0.0,,,,
6,0.3602941176470588,0.5401829699985683,1.3604973607203539,0.2875,0.32167323399335146,1.3940841555595398,0.25,0.15578847704455256,1.3410800695419312,0.175,0.7843814669176936,1.4725151300430297,0.0,0.17142857142857143,0.14063482591882348,1.4123419523239136,0.17142857142857143,0.14313908759504557,1.4123419523239136,0.3235294117647059,0.30744061479344964,1.3683395385742188,0.2,0.18337875604629517,1.4082444906234741,0.3106060606060606,0.5215338603593409,1.3711176532687563,0.0,0.2875,0.3191696419380605,1.3940841555595398,0.0
7,0.3602941176470588,0.5401829699985683,1.3604973607203539,0.2875,0.32167323399335146,1.3940841555595398,0.25,0.15578847704455256,1.3410800695419312,0.175,0.7843814669176936,1.4725151300430297,0.0,0.17142857142857143,0.14063482591882348,1.4123419523239136,0.4117647058823529,0.14142885897308588,1.3708122968673706,0.4117647058823529,0.13892214838415384,1.3708122968673706,0.2,0.18337875604629517,1.4082444906234741,0.3106060606060606,0.5215338603593409,1.3711176532687563,0.0,0.2875,0.3191696419380605,1.3940841555595398,0.0
8,0.3602941176470588,0.5401829699985683,1.3604973607203539,0.2875,0.32167323399335146,1.3940841555595398,0.25,0.15578847704455256,1.3410800695419312,0.175,0.7843814669176936,1.4725151300430297,0.0,0.17142857142857143,0.14063482591882348,1.4123419523239136,0.3,0.0844444427639246,1.3344303369522095,0.4117647058823529,0.13892214838415384,1.3708122968673706,0.3,0.08193903136998415,1.3344303369522095,0.3106060606060606,0.5215338603593409,1.3711176532687563,0.0,0.2875,0.3191696419380605,1.3940841555595398,0.0
